idcar_200m,idcar_1km,idcar_nat,i_est_200,i_est_1km,lcog_geo,ind
CRS3035RES200mN2622400E3462000,CRS3035RES1000mN2622000E3462000,CRS3035RES1000mN2622000E3462000,1,0,"17300,17028",2
CRS3035RES200mN2622400E3462200,CRS3035RES1000mN2622000E3462000,CRS3035RES1000mN2622000E3462000,1,0,"17028,17300",15
CRS3035RES200mN2622600E3461800,CRS3035RES1000mN2622000E3461000,CRS3035RES2000mN2622000E3460000,1,1,17300,1
CRS3035RES200mN2622600E3462000,CRS3035RES1000mN2622000E3462000,CRS3035RES1000mN2622000E3462000,0,0,17300,30
CRS3035RES200mN2622800E3462000,CRS3035RES1000mN2622000E3462000,CRS3035RES1000mN2622000E3462000,0,0,17300,94
CRS3035RES200mN2622800E3462600,CRS3035RES1000mN2622000E3462000,CRS3035RES1000mN2622000E3462000,0,0,"17028,17300",56
CRS3035RES200mN2622800E3462800,CRS3035RES1000mN2622000E3462000,CRS3035RES1000mN2622000E3462000,0,0,"17300,17028",192.5
CRS3035RES200mN2622800E3463000,CRS3035RES1000mN2622000E3463000,CRS3035RES1000mN2622000E3463000,0,0,"17028,17300",59
CRS3035RES200mN2623000E3460600,CRS3035RES1000mN2623000E3460000,CRS3035RES2000mN2622000E3460000,1,1,17300,18
CRS3035RES200mN2623000E3460800,CRS3035RES1000mN2623000E3460000,CRS3035RES2000mN2622000E3460000,0,1,17300,26
CRS3035RES200mN2623000E3461000,CRS3035RES1000mN2623000E3461000,CRS3035RES2000mN2622000E3460000,0,0,17300,58
CRS3035RES200mN2623000E3461200,CRS3035RES1000mN2623000E3461000,CRS3035RES2000mN2622000E3460000,0,0,17300,78
CRS3035RES200mN2623000E3461400,CRS3035RES1000mN2623000E3461000,CRS3035RES2000mN2622000E3460000,0,0,17300,234
CRS3035RES200mN2623000E3461600,CRS3035RES1000mN2623000E3461000,CRS3035RES2000mN2622000E3460000,0,0,17300,132
CRS3035RES200mN2623000E3461800,CRS3035RES1000mN2623000E3461000,CRS3035RES2000mN2622000E3460000,1,0,17300,7
CRS3035RES200mN2623000E3462000,CRS3035RES1000mN2623000E3462000,CRS3035RES200mN2623000E3462000,0,0,17300,155.5
CRS3035RES200mN2623000E3462200,CRS3035RES1000mN2623000E3462000,CRS3035RES200mN2623000E3462200,0,0,"17300,17028",110
CRS3035RES200mN2623000E3462400,CRS3035RES1000mN2623000E3462000,CRS3035RES200mN2623000E3462400,0,0,"17300,17028",31
CRS3035RES200mN2623000E3462600,CRS3035RES1000mN2623000E3462000,CRS3035RES200mN2623000E3462600,0,0,17300,168
CRS3035RES200mN2623000E3462800,CRS3035RES1000mN2623000E3462000,CRS3035RES200mN2623000E3462800,0,0,17300,150.5
CRS3035RES200mN2623000E3463000,CRS3035RES1000mN2623000E3463000,CRS3035RES1000mN2623000E3463000,0,0,"17028,17300",262
CRS3035RES200mN2623000E3463200,CRS3035RES1000mN2623000E3463000,CRS3035RES1000mN2623000E3463000,0,0,"17028,17300",191
CRS3035RES200mN2623000E3463400,CRS3035RES1000mN2623000E3463000,CRS3035RES1000mN2623000E3463000,0,0,"17028,17300",158.5
CRS3035RES200mN2623200E3460400,CRS3035RES1000mN2623000E3460000,CRS3035RES2000mN2622000E3460000,0,1,17300,119.5
CRS3035RES200mN2623200E3460600,CRS3035RES1000mN2623000E3460000,CRS3035RES2000mN2622000E3460000,0,1,17300,331
CRS3035RES200mN2623200E3460800,CRS3035RES1000mN2623000E3460000,CRS3035RES2000mN2622000E3460000,0,1,17300,233
CRS3035RES200mN2623200E3461000,CRS3035RES1000mN2623000E3461000,CRS3035RES2000mN2622000E3460000,0,0,17300,153
CRS3035RES200mN2623200E3461200,CRS3035RES1000mN2623000E3461000,CRS3035RES2000mN2622000E3460000,0,0,17300,77.5
CRS3035RES200mN2623200E3461400,CRS3035RES1000mN2623000E3461000,CRS3035RES2000mN2622000E3460000,0,0,17300,371
CRS3035RES200mN2623200E3461600,CRS3035RES1000mN2623000E3461000,CRS3035RES2000mN2622000E3460000,0,0,17300,85
CRS3035RES200mN2623200E3461800,CRS3035RES1000mN2623000E3461000,CRS3035RES2000mN2622000E3460000,0,0,17300,26
CRS3035RES200mN2623200E3462000,CRS3035RES1000mN2623000E3462000,CRS3035RES200mN2623200E3462000,0,0,17300,26
CRS3035RES200mN2623200E3462200,CRS3035RES1000mN2623000E3462000,CRS3035RES200mN2623200E3462200,0,0,17300,117.5
CRS3035RES200mN2623200E3462400,CRS3035RES1000mN2623000E3462000,CRS3035RES200mN2623200E3462400,0,0,17300,149.5
CRS3035RES200mN2623200E3462600,CRS3035RES1000mN2623000E3462000,CRS3035RES200mN2623200E3462600,0,0,17300,177
CRS3035RES200mN2623200E3462800,CRS3035RES1000mN2623000E3462000,CRS3035RES200mN2623200E3462800,0,0,17300,161.5
CRS3035RES200mN2623200E3463000,CRS3035RES1000mN2623000E3463000,CRS3035RES1000mN2623000E3463000,0,0,17300,160.5
CRS3035RES200mN2623200E3463200,CRS3035RES1000mN2623000E3463000,CRS3035RES1000mN2623000E3463000,0,0,"17300,17028",127
CRS3035RES200mN2623200E3463400,CRS3035RES1000mN2623000E3463000,CRS3035RES1000mN2623000E3463000,1,0,"17028,17300",24
CRS3035RES200mN2623400E3460800,CRS3035RES1000mN2623000E3460000,CRS3035RES2000mN2622000E3460000,0,1,17300,17
CRS3035RES200mN2623400E3461000,CRS3035RES1000mN2623000E3461000,CRS3035RES2000mN2622000E3460000,0,0,17300,74.5
CRS3035RES200mN2623400E3461200,CRS3035RES1000mN2623000E3461000,CRS3035RES2000mN2622000E3460000,0,0,17300,178
CRS3035RES200mN2623400E3461400,CRS3035RES1000mN2623000E3461000,CRS3035RES2000mN2622000E3460000,1,0,17300,12
CRS3035RES200mN2623400E3461600,CRS3035RES1000mN2623000E3461000,CRS3035RES2000mN2622000E3460000,0,0,17300,371
CRS3035RES200mN2623400E3461800,CRS3035RES1000mN2623000E3461000,CRS3035RES2000mN2622000E3460000,0,0,17300,112
CRS3035RES200mN2623400E3462000,CRS3035RES1000mN2623000E3462000,CRS3035RES200mN2623400E3462000,0,0,17300,35.5
CRS3035RES200mN2623400E3462200,CRS3035RES1000mN2623000E3462000,CRS3035RES200mN2623400E3462200,0,0,17300,88.5
CRS3035RES200mN2623400E3462400,CRS3035RES1000mN2623000E3462000,CRS3035RES200mN2623400E3462400,0,0,17300,186.5
CRS3035RES200mN2623400E3462600,CRS3035RES1000mN2623000E3462000,CRS3035RES200mN2623400E3462600,0,0,17300,130
CRS3035RES200mN2623400E3462800,CRS3035RES1000mN2623000E3462000,CRS3035RES200mN2623400E3462800,0,0,17300,132
CRS3035RES200mN2623400E3463000,CRS3035RES1000mN2623000E3463000,CRS3035RES1000mN2623000E3463000,0,0,17300,27
CRS3035RES200mN2623400E3463200,CRS3035RES1000mN2623000E3463000,CRS3035RES1000mN2623000E3463000,0,0,"17300,17028",52
CRS3035RES200mN2623400E3464400,CRS3035RES1000mN2623000E3464000,CRS3035RES1000mN2623000E3464000,1,0,"17028,17300",1
CRS3035RES200mN2623600E3461200,CRS3035RES1000mN2623000E3461000,CRS3035RES2000mN2622000E3460000,1,0,17300,7.5
CRS3035RES200mN2623600E3461400,CRS3035RES1000mN2623000E3461000,CRS3035RES2000mN2622000E3460000,0,0,17300,137.5
CRS3035RES200mN2623600E3461600,CRS3035RES1000mN2623000E3461000,CRS3035RES2000mN2622000E3460000,0,0,17300,380.5
CRS3035RES200mN2623600E3461800,CRS3035RES1000mN2623000E3461000,CRS3035RES2000mN2622000E3460000,0,0,17300,118.5
CRS3035RES200mN2623600E3462000,CRS3035RES1000mN2623000E3462000,CRS3035RES200mN2623600E3462000,0,0,17300,50
CRS3035RES200mN2623600E3462200,CRS3035RES1000mN2623000E3462000,CRS3035RES200mN2623600E3462200,0,0,17300,123
CRS3035RES200mN2623600E3462400,CRS3035RES1000mN2623000E3462000,CRS3035RES200mN2623600E3462400,0,0,17300,231
CRS3035RES200mN2623600E3462600,CRS3035RES1000mN2623000E3462000,CRS3035RES200mN2623600E3462600,0,0,17300,206
CRS3035RES200mN2623600E3462800,CRS3035RES1000mN2623000E3462000,CRS3035RES200mN2623600E3462800,0,0,17300,172
CRS3035RES200mN2623600E3464600,CRS3035RES1000mN2623000E3464000,CRS3035RES1000mN2623000E3464000,1,0,17300,92.5
CRS3035RES200mN2623600E3464800,CRS3035RES1000mN2623000E3464000,CRS3035RES1000mN2623000E3464000,0,0,"17300,17028",215.5
CRS3035RES200mN2623600E3465000,CRS3035RES1000mN2623000E3465000,CRS3035RES1000mN2623000E3465000,0,0,"17300,17028,17274",55
CRS3035RES200mN2623800E3461200,CRS3035RES1000mN2623000E3461000,CRS3035RES2000mN2622000E3460000,1,0,17300,1
CRS3035RES200mN2623800E3461400,CRS3035RES1000mN2623000E3461000,CRS3035RES2000mN2622000E3460000,1,0,17300,4
CRS3035RES200mN2623800E3461600,CRS3035RES1000mN2623000E3461000,CRS3035RES2000mN2622000E3460000,0,0,17300,14
CRS3035RES200mN2623800E3461800,CRS3035RES1000mN2623000E3461000,CRS3035RES2000mN2622000E3460000,0,0,17300,180
CRS3035RES200mN2623800E3462000,CRS3035RES1000mN2623000E3462000,CRS3035RES200mN2623800E3462000,0,0,17300,67
CRS3035RES200mN2623800E3462200,CRS3035RES1000mN2623000E3462000,CRS3035RES200mN2623800E3462200,0,0,17300,181
CRS3035RES200mN2623800E3462400,CRS3035RES1000mN2623000E3462000,CRS3035RES200mN2623800E3462400,0,0,17300,365.5
CRS3035RES200mN2623800E3462600,CRS3035RES1000mN2623000E3462000,CRS3035RES200mN2623800E3462600,0,0,17300,159.5
CRS3035RES200mN2623800E3462800,CRS3035RES1000mN2623000E3462000,CRS3035RES200mN2623800E3462800,0,0,17300,63.5
CRS3035RES200mN2623800E3464400,CRS3035RES1000mN2623000E3464000,CRS3035RES1000mN2623000E3464000,0,0,17300,340
CRS3035RES200mN2623800E3464600,CRS3035RES1000mN2623000E3464000,CRS3035RES1000mN2623000E3464000,0,0,17300,120.5
CRS3035RES200mN2623800E3464800,CRS3035RES1000mN2623000E3464000,CRS3035RES1000mN2623000E3464000,0,0,17300,218
CRS3035RES200mN2623800E3465000,CRS3035RES1000mN2623000E3465000,CRS3035RES1000mN2623000E3465000,1,0,"17300,17274",11.5
CRS3035RES200mN2624000E3461800,CRS3035RES1000mN2624000E3461000,CRS3035RES1000mN2624000E3461000,1,0,17300,26
CRS3035RES200mN2624000E3462200,CRS3035RES1000mN2624000E3462000,CRS3035RES1000mN2624000E3462000,0,0,17300,46
CRS3035RES200mN2624000E3462400,CRS3035RES1000mN2624000E3462000,CRS3035RES1000mN2624000E3462000,0,0,17300,183
CRS3035RES200mN2624000E3462600,CRS3035RES1000mN2624000E3462000,CRS3035RES1000mN2624000E3462000,0,0,17300,193
CRS3035RES200mN2624000E3462800,CRS3035RES1000mN2624000E3462000,CRS3035RES1000mN2624000E3462000,1,0,17300,8
CRS3035RES200mN2624000E3463600,CRS3035RES1000mN2624000E3463000,CRS3035RES1000mN2624000E3463000,1,0,17300,8
CRS3035RES200mN2624000E3463800,CRS3035RES1000mN2624000E3463000,CRS3035RES1000mN2624000E3463000,0,0,17300,146
CRS3035RES200mN2624000E3464000,CRS3035RES1000mN2624000E3464000,CRS3035RES1000mN2624000E3464000,0,0,17300,150.5
CRS3035RES200mN2624000E3464200,CRS3035RES1000mN2624000E3464000,CRS3035RES1000mN2624000E3464000,0,0,17300,371.5
CRS3035RES200mN2624000E3464400,CRS3035RES1000mN2624000E3464000,CRS3035RES1000mN2624000E3464000,0,0,17300,365.5
CRS3035RES200mN2624000E3464600,CRS3035RES1000mN2624000E3464000,CRS3035RES1000mN2624000E3464000,0,0,17300,716
CRS3035RES200mN2624000E3464800,CRS3035RES1000mN2624000E3464000,CRS3035RES1000mN2624000E3464000,0,0,17300,148
CRS3035RES200mN2624200E3461800,CRS3035RES1000mN2624000E3461000,CRS3035RES1000mN2624000E3461000,0,0,17300,310
CRS3035RES200mN2624200E3462400,CRS3035RES1000mN2624000E3462000,CRS3035RES1000mN2624000E3462000,0,0,17300,95
CRS3035RES200mN2624200E3462600,CRS3035RES1000mN2624000E3462000,CRS3035RES1000mN2624000E3462000,0,0,17300,56
CRS3035RES200mN2624200E3463200,CRS3035RES1000mN2624000E3463000,CRS3035RES1000mN2624000E3463000,0,0,17300,44
CRS3035RES200mN2624200E3463400,CRS3035RES1000mN2624000E3463000,CRS3035RES1000mN2624000E3463000,0,0,17300,143
CRS3035RES200mN2624200E3463600,CRS3035RES1000mN2624000E3463000,CRS3035RES1000mN2624000E3463000,0,0,17300,175
CRS3035RES200mN2624200E3463800,CRS3035RES1000mN2624000E3463000,CRS3035RES1000mN2624000E3463000,0,0,17300,489
CRS3035RES200mN2624200E3464000,CRS3035RES1000mN2624000E3464000,CRS3035RES1000mN2624000E3464000,0,0,17300,597
CRS3035RES200mN2624200E3464200,CRS3035RES1000mN2624000E3464000,CRS3035RES1000mN2624000E3464000,0,0,17300,434.5
CRS3035RES200mN2624200E3464400,CRS3035RES1000mN2624000E3464000,CRS3035RES1000mN2624000E3464000,0,0,17300,112.5
CRS3035RES200mN2624200E3464600,CRS3035RES1000mN2624000E3464000,CRS3035RES1000mN2624000E3464000,0,0,17300,44
CRS3035RES200mN2624400E3461600,CRS3035RES1000mN2624000E3461000,CRS3035RES1000mN2624000E3461000,0,0,17300,72
CRS3035RES200mN2624400E3461800,CRS3035RES1000mN2624000E3461000,CRS3035RES1000mN2624000E3461000,0,0,17300,169
CRS3035RES200mN2624400E3462000,CRS3035RES1000mN2624000E3462000,CRS3035RES1000mN2624000E3462000,0,0,17300,111
CRS3035RES200mN2624400E3462400,CRS3035RES1000mN2624000E3462000,CRS3035RES1000mN2624000E3462000,0,0,17300,178
CRS3035RES200mN2624400E3462600,CRS3035RES1000mN2624000E3462000,CRS3035RES1000mN2624000E3462000,1,0,17300,15
CRS3035RES200mN2624400E3463200,CRS3035RES1000mN2624000E3463000,CRS3035RES1000mN2624000E3463000,1,0,17300,16
CRS3035RES200mN2624400E3463400,CRS3035RES1000mN2624000E3463000,CRS3035RES1000mN2624000E3463000,0,0,17300,123
CRS3035RES200mN2624400E3463600,CRS3035RES1000mN2624000E3463000,CRS3035RES1000mN2624000E3463000,0,0,17300,187
CRS3035RES200mN2624400E3463800,CRS3035RES1000mN2624000E3463000,CRS3035RES1000mN2624000E3463000,0,0,17300,270.5
CRS3035RES200mN2624400E3464000,CRS3035RES1000mN2624000E3464000,CRS3035RES1000mN2624000E3464000,0,0,17300,150.5
CRS3035RES200mN2624400E3464200,CRS3035RES1000mN2624000E3464000,CRS3035RES1000mN2624000E3464000,0,0,17300,127.5
CRS3035RES200mN2624400E3464400,CRS3035RES1000mN2624000E3464000,CRS3035RES1000mN2624000E3464000,0,0,17300,124.5
CRS3035RES200mN2624400E3464600,CRS3035RES1000mN2624000E3464000,CRS3035RES1000mN2624000E3464000,0,0,17300,83.5
CRS3035RES200mN2624600E3458600,CRS3035RES1000mN2624000E3458000,CRS3035RES2000mN2624000E3458000,1,1,17300,2
CRS3035RES200mN2624600E3459000,CRS3035RES1000mN2624000E3459000,CRS3035RES2000mN2624000E3458000,0,0,17300,42
CRS3035RES200mN2624600E3462000,CRS3035RES1000mN2624000E3462000,CRS3035RES1000mN2624000E3462000,0,0,17300,75
CRS3035RES200mN2624600E3462400,CRS3035RES1000mN2624000E3462000,CRS3035RES1000mN2624000E3462000,0,0,17300,132
CRS3035RES200mN2624600E3462600,CRS3035RES1000mN2624000E3462000,CRS3035RES1000mN2624000E3462000,0,0,17300,178.5
CRS3035RES200mN2624600E3462800,CRS3035RES1000mN2624000E3462000,CRS3035RES1000mN2624000E3462000,0,0,17300,23
CRS3035RES200mN2624600E3463400,CRS3035RES1000mN2624000E3463000,CRS3035RES1000mN2624000E3463000,0,0,17300,41
CRS3035RES200mN2624600E3463600,CRS3035RES1000mN2624000E3463000,CRS3035RES1000mN2624000E3463000,0,0,17300,133
CRS3035RES200mN2624600E3463800,CRS3035RES1000mN2624000E3463000,CRS3035RES1000mN2624000E3463000,0,0,17300,150.5
CRS3035RES200mN2624600E3464000,CRS3035RES1000mN2624000E3464000,CRS3035RES1000mN2624000E3464000,0,0,17300,120
CRS3035RES200mN2624600E3464200,CRS3035RES1000mN2624000E3464000,CRS3035RES1000mN2624000E3464000,1,0,17300,41
CRS3035RES200mN2624600E3464400,CRS3035RES1000mN2624000E3464000,CRS3035RES1000mN2624000E3464000,0,0,17300,92.5
CRS3035RES200mN2624600E3464600,CRS3035RES1000mN2624000E3464000,CRS3035RES1000mN2624000E3464000,1,0,"17300,17274",6.5
CRS3035RES200mN2624800E3459000,CRS3035RES1000mN2624000E3459000,CRS3035RES2000mN2624000E3458000,0,0,17300,83.5
CRS3035RES200mN2624800E3460000,CRS3035RES1000mN2624000E3460000,CRS3035RES200mN2624800E3460000,0,0,17300,38
CRS3035RES200mN2624800E3460200,CRS3035RES1000mN2624000E3460000,CRS3035RES200mN2624800E3460200,0,0,17300,80
CRS3035RES200mN2624800E3460400,CRS3035RES1000mN2624000E3460000,CRS3035RES200mN2624800E3460400,0,0,17300,62
CRS3035RES200mN2624800E3460600,CRS3035RES1000mN2624000E3460000,CRS3035RES200mN2624800E3460600,0,0,17300,22
CRS3035RES200mN2624800E3461600,CRS3035RES1000mN2624000E3461000,CRS3035RES1000mN2624000E3461000,1,0,17300,9
CRS3035RES200mN2624800E3461800,CRS3035RES1000mN2624000E3461000,CRS3035RES1000mN2624000E3461000,0,0,17300,162.5
CRS3035RES200mN2624800E3462000,CRS3035RES1000mN2624000E3462000,CRS3035RES1000mN2624000E3462000,0,0,17300,21
CRS3035RES200mN2624800E3462200,CRS3035RES1000mN2624000E3462000,CRS3035RES1000mN2624000E3462000,0,0,17300,52.5
CRS3035RES200mN2624800E3462400,CRS3035RES1000mN2624000E3462000,CRS3035RES1000mN2624000E3462000,0,0,17300,244.5
CRS3035RES200mN2624800E3462600,CRS3035RES1000mN2624000E3462000,CRS3035RES1000mN2624000E3462000,0,0,17300,188
CRS3035RES200mN2624800E3463200,CRS3035RES1000mN2624000E3463000,CRS3035RES1000mN2624000E3463000,1,0,17300,4
CRS3035RES200mN2624800E3463400,CRS3035RES1000mN2624000E3463000,CRS3035RES1000mN2624000E3463000,1,0,17300,7
CRS3035RES200mN2624800E3463600,CRS3035RES1000mN2624000E3463000,CRS3035RES1000mN2624000E3463000,0,0,17300,31
CRS3035RES200mN2624800E3463800,CRS3035RES1000mN2624000E3463000,CRS3035RES1000mN2624000E3463000,0,0,17300,87
CRS3035RES200mN2624800E3464000,CRS3035RES1000mN2624000E3464000,CRS3035RES1000mN2624000E3464000,0,0,17300,143
CRS3035RES200mN2624800E3464200,CRS3035RES1000mN2624000E3464000,CRS3035RES1000mN2624000E3464000,0,0,17300,96
CRS3035RES200mN2624800E3464400,CRS3035RES1000mN2624000E3464000,CRS3035RES1000mN2624000E3464000,0,0,17300,109.5
CRS3035RES200mN2624800E3464600,CRS3035RES1000mN2624000E3464000,CRS3035RES1000mN2624000E3464000,1,0,"17274,17300",2
CRS3035RES200mN2625000E3459600,CRS3035RES1000mN2625000E3459000,CRS3035RES2000mN2624000E3458000,1,0,17300,8
CRS3035RES200mN2625000E3459800,CRS3035RES1000mN2625000E3459000,CRS3035RES2000mN2624000E3458000,0,0,17300,150.5
CRS3035RES200mN2625000E3460000,CRS3035RES1000mN2625000E3460000,CRS3035RES1000mN2625000E3460000,1,0,17300,6
CRS3035RES200mN2625000E3460200,CRS3035RES1000mN2625000E3460000,CRS3035RES1000mN2625000E3460000,1,0,17300,27
CRS3035RES200mN2625000E3460400,CRS3035RES1000mN2625000E3460000,CRS3035RES1000mN2625000E3460000,0,0,17300,130.5
CRS3035RES200mN2625000E3460800,CRS3035RES1000mN2625000E3460000,CRS3035RES1000mN2625000E3460000,0,0,17300,76.5
CRS3035RES200mN2625000E3461000,CRS3035RES1000mN2625000E3461000,CRS3035RES1000mN2625000E3461000,0,0,17300,134
CRS3035RES200mN2625000E3461200,CRS3035RES1000mN2625000E3461000,CRS3035RES1000mN2625000E3461000,0,0,17300,136
CRS3035RES200mN2625000E3461400,CRS3035RES1000mN2625000E3461000,CRS3035RES1000mN2625000E3461000,0,0,17300,28
CRS3035RES200mN2625000E3461600,CRS3035RES1000mN2625000E3461000,CRS3035RES1000mN2625000E3461000,1,0,17300,1
CRS3035RES200mN2625000E3461800,CRS3035RES1000mN2625000E3461000,CRS3035RES1000mN2625000E3461000,0,0,17300,200
CRS3035RES200mN2625000E3462000,CRS3035RES1000mN2625000E3462000,CRS3035RES200mN2625000E3462000,0,0,17300,235
CRS3035RES200mN2625000E3462200,CRS3035RES1000mN2625000E3462000,CRS3035RES200mN2625000E3462200,0,0,17300,106.5
CRS3035RES200mN2625000E3462400,CRS3035RES1000mN2625000E3462000,CRS3035RES200mN2625000E3462400,0,0,17300,242
CRS3035RES200mN2625000E3462600,CRS3035RES1000mN2625000E3462000,CRS3035RES200mN2625000E3462600,0,0,17300,246.5
CRS3035RES200mN2625000E3462800,CRS3035RES1000mN2625000E3462000,CRS3035RES200mN2625000E3462800,0,0,17300,56
CRS3035RES200mN2625000E3463000,CRS3035RES1000mN2625000E3463000,CRS3035RES200mN2625000E3463000,0,0,17300,211
CRS3035RES200mN2625000E3463200,CRS3035RES1000mN2625000E3463000,CRS3035RES200mN2625000E3463200,0,0,17300,37
CRS3035RES200mN2625000E3463400,CRS3035RES1000mN2625000E3463000,CRS3035RES200mN2625000E3463400,0,0,17300,233
CRS3035RES200mN2625000E3463600,CRS3035RES1000mN2625000E3463000,CRS3035RES200mN2625000E3463600,0,0,17300,148
CRS3035RES200mN2625000E3463800,CRS3035RES1000mN2625000E3463000,CRS3035RES200mN2625000E3463800,0,0,17300,344
CRS3035RES200mN2625000E3464000,CRS3035RES1000mN2625000E3464000,CRS3035RES1000mN2625000E3464000,0,0,17300,32.5
CRS3035RES200mN2625000E3464200,CRS3035RES1000mN2625000E3464000,CRS3035RES1000mN2625000E3464000,0,0,17300,38
CRS3035RES200mN2625000E3464400,CRS3035RES1000mN2625000E3464000,CRS3035RES1000mN2625000E3464000,0,0,17300,89
CRS3035RES200mN2625200E3459400,CRS3035RES1000mN2625000E3459000,CRS3035RES2000mN2624000E3458000,1,0,17300,5
CRS3035RES200mN2625200E3459600,CRS3035RES1000mN2625000E3459000,CRS3035RES2000mN2624000E3458000,0,0,17300,232
CRS3035RES200mN2625200E3459800,CRS3035RES1000mN2625000E3459000,CRS3035RES2000mN2624000E3458000,0,0,17300,347
CRS3035RES200mN2625200E3460000,CRS3035RES1000mN2625000E3460000,CRS3035RES1000mN2625000E3460000,0,0,17300,252
CRS3035RES200mN2625200E3460200,CRS3035RES1000mN2625000E3460000,CRS3035RES1000mN2625000E3460000,0,0,17300,311.5
CRS3035RES200mN2625200E3460400,CRS3035RES1000mN2625000E3460000,CRS3035RES1000mN2625000E3460000,0,0,17300,464.5
CRS3035RES200mN2625200E3460600,CRS3035RES1000mN2625000E3460000,CRS3035RES1000mN2625000E3460000,0,0,17300,89
CRS3035RES200mN2625200E3460800,CRS3035RES1000mN2625000E3460000,CRS3035RES1000mN2625000E3460000,0,0,17300,127
CRS3035RES200mN2625200E3461000,CRS3035RES1000mN2625000E3461000,CRS3035RES1000mN2625000E3461000,0,0,17300,179.5
CRS3035RES200mN2625200E3461200,CRS3035RES1000mN2625000E3461000,CRS3035RES1000mN2625000E3461000,0,0,17300,230.5
CRS3035RES200mN2625200E3461400,CRS3035RES1000mN2625000E3461000,CRS3035RES1000mN2625000E3461000,0,0,17300,213
CRS3035RES200mN2625200E3461600,CRS3035RES1000mN2625000E3461000,CRS3035RES1000mN2625000E3461000,0,0,17300,38.5
CRS3035RES200mN2625200E3461800,CRS3035RES1000mN2625000E3461000,CRS3035RES1000mN2625000E3461000,0,0,17300,199.5
CRS3035RES200mN2625200E3462000,CRS3035RES1000mN2625000E3462000,CRS3035RES200mN2625200E3462000,0,0,17300,384.5
CRS3035RES200mN2625200E3462200,CRS3035RES1000mN2625000E3462000,CRS3035RES200mN2625200E3462200,0,0,17300,438.5
CRS3035RES200mN2625200E3462400,CRS3035RES1000mN2625000E3462000,CRS3035RES200mN2625200E3462400,0,0,17300,275
CRS3035RES200mN2625200E3462600,CRS3035RES1000mN2625000E3462000,CRS3035RES200mN2625200E3462600,0,0,17300,202.5
CRS3035RES200mN2625200E3462800,CRS3035RES1000mN2625000E3462000,CRS3035RES200mN2625200E3462800,0,0,17300,191.5
CRS3035RES200mN2625200E3463000,CRS3035RES1000mN2625000E3463000,CRS3035RES200mN2625200E3463000,0,0,17300,27
CRS3035RES200mN2625200E3463200,CRS3035RES1000mN2625000E3463000,CRS3035RES200mN2625200E3463200,0,0,17300,143
CRS3035RES200mN2625200E3463400,CRS3035RES1000mN2625000E3463000,CRS3035RES200mN2625200E3463400,0,0,17300,219
CRS3035RES200mN2625200E3463600,CRS3035RES1000mN2625000E3463000,CRS3035RES200mN2625200E3463600,0,0,17300,119.5
CRS3035RES200mN2625200E3463800,CRS3035RES1000mN2625000E3463000,CRS3035RES200mN2625200E3463800,0,0,17300,111
CRS3035RES200mN2625200E3464000,CRS3035RES1000mN2625000E3464000,CRS3035RES1000mN2625000E3464000,0,0,17300,102.5
CRS3035RES200mN2625200E3464200,CRS3035RES1000mN2625000E3464000,CRS3035RES1000mN2625000E3464000,1,0,17300,24.5
CRS3035RES200mN2625200E3464400,CRS3035RES1000mN2625000E3464000,CRS3035RES1000mN2625000E3464000,0,0,17300,171.5
CRS3035RES200mN2625200E3464600,CRS3035RES1000mN2625000E3464000,CRS3035RES1000mN2625000E3464000,1,0,"17274,17300",20
CRS3035RES200mN2625400E3459400,CRS3035RES1000mN2625000E3459000,CRS3035RES2000mN2624000E3458000,1,0,17300,27
CRS3035RES200mN2625400E3459600,CRS3035RES1000mN2625000E3459000,CRS3035RES2000mN2624000E3458000,0,0,17300,274
CRS3035RES200mN2625400E3459800,CRS3035RES1000mN2625000E3459000,CRS3035RES2000mN2624000E3458000,0,0,17300,259
CRS3035RES200mN2625400E3460000,CRS3035RES1000mN2625000E3460000,CRS3035RES1000mN2625000E3460000,0,0,17300,204.5
CRS3035RES200mN2625400E3460200,CRS3035RES1000mN2625000E3460000,CRS3035RES1000mN2625000E3460000,0,0,17300,104
CRS3035RES200mN2625400E3460400,CRS3035RES1000mN2625000E3460000,CRS3035RES1000mN2625000E3460000,0,0,17300,155
CRS3035RES200mN2625400E3460600,CRS3035RES1000mN2625000E3460000,CRS3035RES1000mN2625000E3460000,0,0,17300,113.5
CRS3035RES200mN2625400E3460800,CRS3035RES1000mN2625000E3460000,CRS3035RES1000mN2625000E3460000,0,0,17300,173.5
CRS3035RES200mN2625400E3461000,CRS3035RES1000mN2625000E3461000,CRS3035RES1000mN2625000E3461000,0,0,17300,236
CRS3035RES200mN2625400E3461200,CRS3035RES1000mN2625000E3461000,CRS3035RES1000mN2625000E3461000,0,0,17300,240.5
CRS3035RES200mN2625400E3461400,CRS3035RES1000mN2625000E3461000,CRS3035RES1000mN2625000E3461000,0,0,17300,472
CRS3035RES200mN2625400E3461600,CRS3035RES1000mN2625000E3461000,CRS3035RES1000mN2625000E3461000,0,0,17300,285
CRS3035RES200mN2625400E3461800,CRS3035RES1000mN2625000E3461000,CRS3035RES1000mN2625000E3461000,0,0,17300,28
CRS3035RES200mN2625400E3462000,CRS3035RES1000mN2625000E3462000,CRS3035RES200mN2625400E3462000,0,0,17300,198
CRS3035RES200mN2625400E3462200,CRS3035RES1000mN2625000E3462000,CRS3035RES200mN2625400E3462200,0,0,17300,304.5
CRS3035RES200mN2625400E3462400,CRS3035RES1000mN2625000E3462000,CRS3035RES200mN2625400E3462400,0,0,17300,455
CRS3035RES200mN2625400E3462600,CRS3035RES1000mN2625000E3462000,CRS3035RES200mN2625400E3462600,0,0,17300,430
CRS3035RES200mN2625400E3462800,CRS3035RES1000mN2625000E3462000,CRS3035RES200mN2625400E3462800,0,0,17300,291
CRS3035RES200mN2625400E3463000,CRS3035RES1000mN2625000E3463000,CRS3035RES200mN2625400E3463000,0,0,17300,100.5
CRS3035RES200mN2625400E3463200,CRS3035RES1000mN2625000E3463000,CRS3035RES200mN2625400E3463200,0,0,17300,217
CRS3035RES200mN2625400E3463400,CRS3035RES1000mN2625000E3463000,CRS3035RES200mN2625400E3463400,0,0,17300,182
CRS3035RES200mN2625400E3463600,CRS3035RES1000mN2625000E3463000,CRS3035RES200mN2625400E3463600,0,0,17300,45
CRS3035RES200mN2625400E3463800,CRS3035RES1000mN2625000E3463000,CRS3035RES200mN2625400E3463800,0,0,17300,33
CRS3035RES200mN2625400E3464000,CRS3035RES1000mN2625000E3464000,CRS3035RES1000mN2625000E3464000,0,0,17300,228
CRS3035RES200mN2625400E3464200,CRS3035RES1000mN2625000E3464000,CRS3035RES1000mN2625000E3464000,0,0,17300,187.5
CRS3035RES200mN2625400E3464400,CRS3035RES1000mN2625000E3464000,CRS3035RES1000mN2625000E3464000,0,0,17300,219
CRS3035RES200mN2625400E3464600,CRS3035RES1000mN2625000E3464000,CRS3035RES1000mN2625000E3464000,0,0,"17300,17274",49
CRS3035RES200mN2625400E3464800,CRS3035RES1000mN2625000E3464000,CRS3035RES1000mN2625000E3464000,0,0,"17274,17300",42.5
CRS3035RES200mN2625600E3458200,CRS3035RES1000mN2625000E3458000,CRS3035RES2000mN2624000E3458000,1,1,17300,5
CRS3035RES200mN2625600E3458400,CRS3035RES1000mN2625000E3458000,CRS3035RES2000mN2624000E3458000,0,1,17300,34
CRS3035RES200mN2625600E3459600,CRS3035RES1000mN2625000E3459000,CRS3035RES2000mN2624000E3458000,0,0,17300,80
CRS3035RES200mN2625600E3459800,CRS3035RES1000mN2625000E3459000,CRS3035RES2000mN2624000E3458000,0,0,17300,248
CRS3035RES200mN2625600E3460000,CRS3035RES1000mN2625000E3460000,CRS3035RES1000mN2625000E3460000,0,0,17300,384.5
CRS3035RES200mN2625600E3460200,CRS3035RES1000mN2625000E3460000,CRS3035RES1000mN2625000E3460000,0,0,17300,354.5
CRS3035RES200mN2625600E3460400,CRS3035RES1000mN2625000E3460000,CRS3035RES1000mN2625000E3460000,0,0,17300,147.5
CRS3035RES200mN2625600E3460600,CRS3035RES1000mN2625000E3460000,CRS3035RES1000mN2625000E3460000,0,0,17300,181
CRS3035RES200mN2625600E3460800,CRS3035RES1000mN2625000E3460000,CRS3035RES1000mN2625000E3460000,0,0,17300,302.5
CRS3035RES200mN2625600E3461000,CRS3035RES1000mN2625000E3461000,CRS3035RES1000mN2625000E3461000,0,0,17300,317
CRS3035RES200mN2625600E3461200,CRS3035RES1000mN2625000E3461000,CRS3035RES1000mN2625000E3461000,0,0,17300,228
CRS3035RES200mN2625600E3461400,CRS3035RES1000mN2625000E3461000,CRS3035RES1000mN2625000E3461000,0,0,17300,162.5
CRS3035RES200mN2625600E3461600,CRS3035RES1000mN2625000E3461000,CRS3035RES1000mN2625000E3461000,0,0,17300,214
CRS3035RES200mN2625600E3461800,CRS3035RES1000mN2625000E3461000,CRS3035RES1000mN2625000E3461000,1,0,17300,23
CRS3035RES200mN2625600E3462000,CRS3035RES1000mN2625000E3462000,CRS3035RES200mN2625600E3462000,0,0,17300,21
CRS3035RES200mN2625600E3462200,CRS3035RES1000mN2625000E3462000,CRS3035RES200mN2625600E3462200,0,0,17300,279.5
CRS3035RES200mN2625600E3462400,CRS3035RES1000mN2625000E3462000,CRS3035RES200mN2625600E3462400,0,0,17300,411
CRS3035RES200mN2625600E3462600,CRS3035RES1000mN2625000E3462000,CRS3035RES200mN2625600E3462600,0,0,17300,316
CRS3035RES200mN2625600E3462800,CRS3035RES1000mN2625000E3462000,CRS3035RES200mN2625600E3462800,0,0,17300,65.5
CRS3035RES200mN2625600E3463000,CRS3035RES1000mN2625000E3463000,CRS3035RES200mN2625600E3463000,0,0,17300,387
CRS3035RES200mN2625600E3463200,CRS3035RES1000mN2625000E3463000,CRS3035RES200mN2625600E3463200,0,0,17300,157
CRS3035RES200mN2625600E3463400,CRS3035RES1000mN2625000E3463000,CRS3035RES200mN2625600E3463400,0,0,17300,132.5
CRS3035RES200mN2625600E3463600,CRS3035RES1000mN2625000E3463000,CRS3035RES200mN2625600E3463600,0,0,17300,160.5
CRS3035RES200mN2625600E3463800,CRS3035RES1000mN2625000E3463000,CRS3035RES200mN2625600E3463800,0,0,17300,44.5
CRS3035RES200mN2625600E3464000,CRS3035RES1000mN2625000E3464000,CRS3035RES1000mN2625000E3464000,0,0,17300,247.5
CRS3035RES200mN2625600E3464200,CRS3035RES1000mN2625000E3464000,CRS3035RES1000mN2625000E3464000,0,0,17300,362.5
CRS3035RES200mN2625600E3464400,CRS3035RES1000mN2625000E3464000,CRS3035RES1000mN2625000E3464000,0,0,17300,92
CRS3035RES200mN2625600E3464600,CRS3035RES1000mN2625000E3464000,CRS3035RES1000mN2625000E3464000,0,0,17300,92
CRS3035RES200mN2625600E3464800,CRS3035RES1000mN2625000E3464000,CRS3035RES1000mN2625000E3464000,0,0,"17300,17274",150.5
CRS3035RES200mN2625600E3465000,CRS3035RES1000mN2625000E3465000,CRS3035RES1000mN2625000E3465000,0,0,"17300,17274",144.5
CRS3035RES200mN2625800E3458400,CRS3035RES1000mN2625000E3458000,CRS3035RES2000mN2624000E3458000,1,1,17300,6
CRS3035RES200mN2625800E3458600,CRS3035RES1000mN2625000E3458000,CRS3035RES2000mN2624000E3458000,1,1,17300,5
CRS3035RES200mN2625800E3458800,CRS3035RES1000mN2625000E3458000,CRS3035RES2000mN2624000E3458000,1,1,17300,3
CRS3035RES200mN2625800E3459000,CRS3035RES1000mN2625000E3459000,CRS3035RES2000mN2624000E3458000,1,0,17300,1
CRS3035RES200mN2625800E3459200,CRS3035RES1000mN2625000E3459000,CRS3035RES2000mN2624000E3458000,1,0,17300,5
CRS3035RES200mN2625800E3459600,CRS3035RES1000mN2625000E3459000,CRS3035RES2000mN2624000E3458000,0,0,17300,90.5
CRS3035RES200mN2625800E3459800,CRS3035RES1000mN2625000E3459000,CRS3035RES2000mN2624000E3458000,0,0,17300,81
CRS3035RES200mN2625800E3460000,CRS3035RES1000mN2625000E3460000,CRS3035RES1000mN2625000E3460000,0,0,17300,218.5
CRS3035RES200mN2625800E3460200,CRS3035RES1000mN2625000E3460000,CRS3035RES1000mN2625000E3460000,0,0,17300,257.5
CRS3035RES200mN2625800E3460400,CRS3035RES1000mN2625000E3460000,CRS3035RES1000mN2625000E3460000,0,0,17300,108
CRS3035RES200mN2625800E3460600,CRS3035RES1000mN2625000E3460000,CRS3035RES1000mN2625000E3460000,0,0,17300,201
CRS3035RES200mN2625800E3460800,CRS3035RES1000mN2625000E3460000,CRS3035RES1000mN2625000E3460000,0,0,17300,90
CRS3035RES200mN2625800E3461000,CRS3035RES1000mN2625000E3461000,CRS3035RES1000mN2625000E3461000,0,0,17300,203
CRS3035RES200mN2625800E3461200,CRS3035RES1000mN2625000E3461000,CRS3035RES1000mN2625000E3461000,0,0,17300,416.5
CRS3035RES200mN2625800E3461400,CRS3035RES1000mN2625000E3461000,CRS3035RES1000mN2625000E3461000,0,0,17300,181
CRS3035RES200mN2625800E3461600,CRS3035RES1000mN2625000E3461000,CRS3035RES1000mN2625000E3461000,0,0,17300,252
CRS3035RES200mN2625800E3461800,CRS3035RES1000mN2625000E3461000,CRS3035RES1000mN2625000E3461000,0,0,17300,168
CRS3035RES200mN2625800E3462000,CRS3035RES1000mN2625000E3462000,CRS3035RES200mN2625800E3462000,0,0,17300,40
CRS3035RES200mN2625800E3462200,CRS3035RES1000mN2625000E3462000,CRS3035RES200mN2625800E3462200,0,0,17300,154
CRS3035RES200mN2625800E3462400,CRS3035RES1000mN2625000E3462000,CRS3035RES200mN2625800E3462400,0,0,17300,135
CRS3035RES200mN2625800E3462600,CRS3035RES1000mN2625000E3462000,CRS3035RES200mN2625800E3462600,0,0,17300,173
CRS3035RES200mN2625800E3462800,CRS3035RES1000mN2625000E3462000,CRS3035RES200mN2625800E3462800,0,0,17300,211.5
CRS3035RES200mN2625800E3463000,CRS3035RES1000mN2625000E3463000,CRS3035RES200mN2625800E3463000,0,0,17300,359.5
CRS3035RES200mN2625800E3463200,CRS3035RES1000mN2625000E3463000,CRS3035RES200mN2625800E3463200,0,0,17300,169
CRS3035RES200mN2625800E3463400,CRS3035RES1000mN2625000E3463000,CRS3035RES200mN2625800E3463400,0,0,17300,133
CRS3035RES200mN2625800E3463600,CRS3035RES1000mN2625000E3463000,CRS3035RES200mN2625800E3463600,0,0,17300,179.5
CRS3035RES200mN2625800E3463800,CRS3035RES1000mN2625000E3463000,CRS3035RES200mN2625800E3463800,0,0,17300,179.5
CRS3035RES200mN2625800E3464000,CRS3035RES1000mN2625000E3464000,CRS3035RES1000mN2625000E3464000,0,0,17300,165
CRS3035RES200mN2625800E3464200,CRS3035RES1000mN2625000E3464000,CRS3035RES1000mN2625000E3464000,0,0,17300,87.5
CRS3035RES200mN2625800E3464400,CRS3035RES1000mN2625000E3464000,CRS3035RES1000mN2625000E3464000,0,0,17300,83
CRS3035RES200mN2625800E3464600,CRS3035RES1000mN2625000E3464000,CRS3035RES1000mN2625000E3464000,0,0,17300,150
CRS3035RES200mN2625800E3464800,CRS3035RES1000mN2625000E3464000,CRS3035RES1000mN2625000E3464000,0,0,"17300,17291",99.5
CRS3035RES200mN2625800E3465000,CRS3035RES1000mN2625000E3465000,CRS3035RES1000mN2625000E3465000,0,0,"17300,17291,17274",125.5
CRS3035RES200mN2625800E3465200,CRS3035RES1000mN2625000E3465000,CRS3035RES1000mN2625000E3465000,0,0,"17274,17300",37.5
CRS3035RES200mN2626000E3457200,CRS3035RES1000mN2626000E3457000,CRS3035RES2000mN2626000E3456000,1,1,17300,5
CRS3035RES200mN2626000E3457400,CRS3035RES1000mN2626000E3457000,CRS3035RES2000mN2626000E3456000,1,1,17300,22
CRS3035RES200mN2626000E3457600,CRS3035RES1000mN2626000E3457000,CRS3035RES2000mN2626000E3456000,0,1,17300,37.5
CRS3035RES200mN2626000E3457800,CRS3035RES1000mN2626000E3457000,CRS3035RES2000mN2626000E3456000,0,1,17300,227
CRS3035RES200mN2626000E3458000,CRS3035RES1000mN2626000E3458000,CRS3035RES1000mN2626000E3458000,0,0,17300,73
CRS3035RES200mN2626000E3458200,CRS3035RES1000mN2626000E3458000,CRS3035RES1000mN2626000E3458000,0,0,17300,30
CRS3035RES200mN2626000E3458400,CRS3035RES1000mN2626000E3458000,CRS3035RES1000mN2626000E3458000,0,0,17300,30
CRS3035RES200mN2626000E3458600,CRS3035RES1000mN2626000E3458000,CRS3035RES1000mN2626000E3458000,0,0,17300,13
CRS3035RES200mN2626000E3459000,CRS3035RES1000mN2626000E3459000,CRS3035RES1000mN2626000E3459000,1,0,17300,1
CRS3035RES200mN2626000E3459200,CRS3035RES1000mN2626000E3459000,CRS3035RES1000mN2626000E3459000,1,0,17300,59
CRS3035RES200mN2626000E3459400,CRS3035RES1000mN2626000E3459000,CRS3035RES1000mN2626000E3459000,0,0,17300,169.5
CRS3035RES200mN2626000E3459600,CRS3035RES1000mN2626000E3459000,CRS3035RES1000mN2626000E3459000,0,0,17300,150.5
CRS3035RES200mN2626000E3459800,CRS3035RES1000mN2626000E3459000,CRS3035RES1000mN2626000E3459000,0,0,17300,225.5
CRS3035RES200mN2626000E3460000,CRS3035RES1000mN2626000E3460000,CRS3035RES200mN2626000E3460000,0,0,17300,168
CRS3035RES200mN2626000E3460200,CRS3035RES1000mN2626000E3460000,CRS3035RES200mN2626000E3460200,0,0,17300,95
CRS3035RES200mN2626000E3460400,CRS3035RES1000mN2626000E3460000,CRS3035RES200mN2626000E3460400,0,0,17300,76
CRS3035RES200mN2626000E3460600,CRS3035RES1000mN2626000E3460000,CRS3035RES200mN2626000E3460600,0,0,17300,256
CRS3035RES200mN2626000E3460800,CRS3035RES1000mN2626000E3460000,CRS3035RES200mN2626000E3460800,0,0,17300,41
CRS3035RES200mN2626000E3461000,CRS3035RES1000mN2626000E3461000,CRS3035RES1000mN2626000E3461000,0,0,17300,72
CRS3035RES200mN2626000E3461200,CRS3035RES1000mN2626000E3461000,CRS3035RES1000mN2626000E3461000,0,0,17300,69
CRS3035RES200mN2626000E3461400,CRS3035RES1000mN2626000E3461000,CRS3035RES1000mN2626000E3461000,0,0,17300,103
CRS3035RES200mN2626000E3461600,CRS3035RES1000mN2626000E3461000,CRS3035RES1000mN2626000E3461000,0,0,17300,222.5
CRS3035RES200mN2626000E3461800,CRS3035RES1000mN2626000E3461000,CRS3035RES1000mN2626000E3461000,0,0,17300,180.5
CRS3035RES200mN2626000E3462000,CRS3035RES1000mN2626000E3462000,CRS3035RES1000mN2626000E3462000,0,0,17300,29
CRS3035RES200mN2626000E3462400,CRS3035RES1000mN2626000E3462000,CRS3035RES1000mN2626000E3462000,1,0,17300,31
CRS3035RES200mN2626000E3462600,CRS3035RES1000mN2626000E3462000,CRS3035RES1000mN2626000E3462000,0,0,17300,56
CRS3035RES200mN2626000E3462800,CRS3035RES1000mN2626000E3462000,CRS3035RES1000mN2626000E3462000,0,0,17300,390
CRS3035RES200mN2626000E3463000,CRS3035RES1000mN2626000E3463000,CRS3035RES1000mN2626000E3463000,0,0,17300,300
CRS3035RES200mN2626000E3463200,CRS3035RES1000mN2626000E3463000,CRS3035RES1000mN2626000E3463000,0,0,17300,172.5
CRS3035RES200mN2626000E3463400,CRS3035RES1000mN2626000E3463000,CRS3035RES1000mN2626000E3463000,0,0,17300,147.5
CRS3035RES200mN2626000E3463600,CRS3035RES1000mN2626000E3463000,CRS3035RES1000mN2626000E3463000,0,0,17300,48
CRS3035RES200mN2626000E3463800,CRS3035RES1000mN2626000E3463000,CRS3035RES1000mN2626000E3463000,0,0,17300,213.5
CRS3035RES200mN2626000E3464000,CRS3035RES1000mN2626000E3464000,CRS3035RES1000mN2626000E3464000,0,0,17300,258
CRS3035RES200mN2626000E3464200,CRS3035RES1000mN2626000E3464000,CRS3035RES1000mN2626000E3464000,0,0,17300,107.5
CRS3035RES200mN2626000E3464400,CRS3035RES1000mN2626000E3464000,CRS3035RES1000mN2626000E3464000,0,0,17300,72
CRS3035RES200mN2626000E3464600,CRS3035RES1000mN2626000E3464000,CRS3035RES1000mN2626000E3464000,0,0,"17300,17291",210
CRS3035RES200mN2626000E3464800,CRS3035RES1000mN2626000E3464000,CRS3035RES1000mN2626000E3464000,1,0,"17291,17300",12
CRS3035RES200mN2626200E3457000,CRS3035RES1000mN2626000E3457000,CRS3035RES2000mN2626000E3456000,0,1,17300,45.5
CRS3035RES200mN2626200E3457200,CRS3035RES1000mN2626000E3457000,CRS3035RES2000mN2626000E3456000,0,1,17300,124.5
CRS3035RES200mN2626200E3457400,CRS3035RES1000mN2626000E3457000,CRS3035RES2000mN2626000E3456000,0,1,17300,155.5
CRS3035RES200mN2626200E3457600,CRS3035RES1000mN2626000E3457000,CRS3035RES2000mN2626000E3456000,0,1,17300,207.5
CRS3035RES200mN2626200E3457800,CRS3035RES1000mN2626000E3457000,CRS3035RES2000mN2626000E3456000,0,1,17300,324.5
CRS3035RES200mN2626200E3458000,CRS3035RES1000mN2626000E3458000,CRS3035RES1000mN2626000E3458000,0,0,17300,239.5
CRS3035RES200mN2626200E3458200,CRS3035RES1000mN2626000E3458000,CRS3035RES1000mN2626000E3458000,0,0,17300,123.5
CRS3035RES200mN2626200E3458400,CRS3035RES1000mN2626000E3458000,CRS3035RES1000mN2626000E3458000,0,0,17300,123
CRS3035RES200mN2626200E3458600,CRS3035RES1000mN2626000E3458000,CRS3035RES1000mN2626000E3458000,0,0,17300,220.5
CRS3035RES200mN2626200E3458800,CRS3035RES1000mN2626000E3458000,CRS3035RES1000mN2626000E3458000,0,0,17300,42
CRS3035RES200mN2626200E3459000,CRS3035RES1000mN2626000E3459000,CRS3035RES1000mN2626000E3459000,1,0,17300,7
CRS3035RES200mN2626200E3459200,CRS3035RES1000mN2626000E3459000,CRS3035RES1000mN2626000E3459000,0,0,17300,210
CRS3035RES200mN2626200E3459400,CRS3035RES1000mN2626000E3459000,CRS3035RES1000mN2626000E3459000,0,0,17300,166.5
CRS3035RES200mN2626200E3459600,CRS3035RES1000mN2626000E3459000,CRS3035RES1000mN2626000E3459000,0,0,17300,222
CRS3035RES200mN2626200E3459800,CRS3035RES1000mN2626000E3459000,CRS3035RES1000mN2626000E3459000,0,0,17300,195
CRS3035RES200mN2626200E3460000,CRS3035RES1000mN2626000E3460000,CRS3035RES200mN2626200E3460000,0,0,17300,183.5
CRS3035RES200mN2626200E3460200,CRS3035RES1000mN2626000E3460000,CRS3035RES200mN2626200E3460200,0,0,17300,604.5
CRS3035RES200mN2626200E3460400,CRS3035RES1000mN2626000E3460000,CRS3035RES200mN2626200E3460400,0,0,17300,390
CRS3035RES200mN2626200E3460600,CRS3035RES1000mN2626000E3460000,CRS3035RES200mN2626200E3460600,0,0,17300,170
CRS3035RES200mN2626200E3460800,CRS3035RES1000mN2626000E3460000,CRS3035RES200mN2626200E3460800,0,0,17300,172.5
CRS3035RES200mN2626200E3461000,CRS3035RES1000mN2626000E3461000,CRS3035RES1000mN2626000E3461000,0,0,17300,213
CRS3035RES200mN2626200E3461200,CRS3035RES1000mN2626000E3461000,CRS3035RES1000mN2626000E3461000,0,0,17300,203
CRS3035RES200mN2626200E3461400,CRS3035RES1000mN2626000E3461000,CRS3035RES1000mN2626000E3461000,0,0,17300,186
CRS3035RES200mN2626200E3461600,CRS3035RES1000mN2626000E3461000,CRS3035RES1000mN2626000E3461000,0,0,17300,222
CRS3035RES200mN2626200E3461800,CRS3035RES1000mN2626000E3461000,CRS3035RES1000mN2626000E3461000,0,0,17300,212
CRS3035RES200mN2626200E3462000,CRS3035RES1000mN2626000E3462000,CRS3035RES1000mN2626000E3462000,0,0,17300,102
CRS3035RES200mN2626200E3462200,CRS3035RES1000mN2626000E3462000,CRS3035RES1000mN2626000E3462000,0,0,17300,36
CRS3035RES200mN2626200E3462400,CRS3035RES1000mN2626000E3462000,CRS3035RES1000mN2626000E3462000,1,0,17300,2
CRS3035RES200mN2626200E3462600,CRS3035RES1000mN2626000E3462000,CRS3035RES1000mN2626000E3462000,0,0,17300,134.5
CRS3035RES200mN2626200E3462800,CRS3035RES1000mN2626000E3462000,CRS3035RES1000mN2626000E3462000,0,0,17300,67.5
CRS3035RES200mN2626200E3463000,CRS3035RES1000mN2626000E3463000,CRS3035RES1000mN2626000E3463000,0,0,17300,180
CRS3035RES200mN2626200E3463200,CRS3035RES1000mN2626000E3463000,CRS3035RES1000mN2626000E3463000,0,0,17300,174
CRS3035RES200mN2626200E3463400,CRS3035RES1000mN2626000E3463000,CRS3035RES1000mN2626000E3463000,0,0,17300,77.5
CRS3035RES200mN2626200E3463600,CRS3035RES1000mN2626000E3463000,CRS3035RES1000mN2626000E3463000,0,0,17300,84
CRS3035RES200mN2626200E3463800,CRS3035RES1000mN2626000E3463000,CRS3035RES1000mN2626000E3463000,0,0,17300,101.5
CRS3035RES200mN2626200E3464000,CRS3035RES1000mN2626000E3464000,CRS3035RES1000mN2626000E3464000,0,0,17300,117
CRS3035RES200mN2626200E3464200,CRS3035RES1000mN2626000E3464000,CRS3035RES1000mN2626000E3464000,0,0,17300,128
CRS3035RES200mN2626200E3464400,CRS3035RES1000mN2626000E3464000,CRS3035RES1000mN2626000E3464000,0,0,"17300,17291",248.5
CRS3035RES200mN2626200E3464600,CRS3035RES1000mN2626000E3464000,CRS3035RES1000mN2626000E3464000,0,0,"17291,17300",126
CRS3035RES200mN2626400E3457200,CRS3035RES1000mN2626000E3457000,CRS3035RES2000mN2626000E3456000,0,1,17300,43
CRS3035RES200mN2626400E3457400,CRS3035RES1000mN2626000E3457000,CRS3035RES2000mN2626000E3456000,0,1,17300,51
CRS3035RES200mN2626400E3457600,CRS3035RES1000mN2626000E3457000,CRS3035RES2000mN2626000E3456000,0,1,17300,94
CRS3035RES200mN2626400E3457800,CRS3035RES1000mN2626000E3457000,CRS3035RES2000mN2626000E3456000,0,1,17300,124
CRS3035RES200mN2626400E3458000,CRS3035RES1000mN2626000E3458000,CRS3035RES1000mN2626000E3458000,0,0,17300,133.5
CRS3035RES200mN2626400E3458200,CRS3035RES1000mN2626000E3458000,CRS3035RES1000mN2626000E3458000,0,0,17300,236
CRS3035RES200mN2626400E3458400,CRS3035RES1000mN2626000E3458000,CRS3035RES1000mN2626000E3458000,0,0,17300,479.5
CRS3035RES200mN2626400E3458600,CRS3035RES1000mN2626000E3458000,CRS3035RES1000mN2626000E3458000,0,0,17300,213
CRS3035RES200mN2626400E3458800,CRS3035RES1000mN2626000E3458000,CRS3035RES1000mN2626000E3458000,0,0,17300,205.5
CRS3035RES200mN2626400E3459000,CRS3035RES1000mN2626000E3459000,CRS3035RES1000mN2626000E3459000,0,0,17300,228.5
CRS3035RES200mN2626400E3459200,CRS3035RES1000mN2626000E3459000,CRS3035RES1000mN2626000E3459000,0,0,17300,91
CRS3035RES200mN2626400E3459400,CRS3035RES1000mN2626000E3459000,CRS3035RES1000mN2626000E3459000,0,0,17300,206
CRS3035RES200mN2626400E3459600,CRS3035RES1000mN2626000E3459000,CRS3035RES1000mN2626000E3459000,0,0,17300,131.5
CRS3035RES200mN2626400E3460000,CRS3035RES1000mN2626000E3460000,CRS3035RES200mN2626400E3460000,0,0,17300,453
CRS3035RES200mN2626400E3460200,CRS3035RES1000mN2626000E3460000,CRS3035RES200mN2626400E3460200,0,0,17300,846
CRS3035RES200mN2626400E3460400,CRS3035RES1000mN2626000E3460000,CRS3035RES200mN2626400E3460400,0,0,17300,634.5
CRS3035RES200mN2626400E3460600,CRS3035RES1000mN2626000E3460000,CRS3035RES200mN2626400E3460600,0,0,17300,489
CRS3035RES200mN2626400E3460800,CRS3035RES1000mN2626000E3460000,CRS3035RES200mN2626400E3460800,0,0,17300,351
CRS3035RES200mN2626400E3461000,CRS3035RES1000mN2626000E3461000,CRS3035RES1000mN2626000E3461000,0,0,17300,100
CRS3035RES200mN2626400E3461200,CRS3035RES1000mN2626000E3461000,CRS3035RES1000mN2626000E3461000,0,0,17300,328.5
CRS3035RES200mN2626400E3461400,CRS3035RES1000mN2626000E3461000,CRS3035RES1000mN2626000E3461000,0,0,17300,219
CRS3035RES200mN2626400E3461600,CRS3035RES1000mN2626000E3461000,CRS3035RES1000mN2626000E3461000,0,0,17300,186.5
CRS3035RES200mN2626400E3461800,CRS3035RES1000mN2626000E3461000,CRS3035RES1000mN2626000E3461000,0,0,17300,229.5
CRS3035RES200mN2626400E3462000,CRS3035RES1000mN2626000E3462000,CRS3035RES1000mN2626000E3462000,0,0,17300,168.5
CRS3035RES200mN2626400E3462200,CRS3035RES1000mN2626000E3462000,CRS3035RES1000mN2626000E3462000,0,0,17300,139.5
CRS3035RES200mN2626400E3462400,CRS3035RES1000mN2626000E3462000,CRS3035RES1000mN2626000E3462000,0,0,17300,61.5
CRS3035RES200mN2626400E3462600,CRS3035RES1000mN2626000E3462000,CRS3035RES1000mN2626000E3462000,0,0,17300,116
CRS3035RES200mN2626400E3462800,CRS3035RES1000mN2626000E3462000,CRS3035RES1000mN2626000E3462000,0,0,17300,100
CRS3035RES200mN2626400E3463000,CRS3035RES1000mN2626000E3463000,CRS3035RES1000mN2626000E3463000,0,0,17300,171
CRS3035RES200mN2626400E3463200,CRS3035RES1000mN2626000E3463000,CRS3035RES1000mN2626000E3463000,0,0,17300,245.5
CRS3035RES200mN2626400E3463400,CRS3035RES1000mN2626000E3463000,CRS3035RES1000mN2626000E3463000,0,0,17300,189
CRS3035RES200mN2626400E3463600,CRS3035RES1000mN2626000E3463000,CRS3035RES1000mN2626000E3463000,0,0,17300,112
CRS3035RES200mN2626400E3463800,CRS3035RES1000mN2626000E3463000,CRS3035RES1000mN2626000E3463000,0,0,17300,31
CRS3035RES200mN2626400E3464000,CRS3035RES1000mN2626000E3464000,CRS3035RES1000mN2626000E3464000,0,0,17300,52
CRS3035RES200mN2626400E3464200,CRS3035RES1000mN2626000E3464000,CRS3035RES1000mN2626000E3464000,0,0,"17300,17291",108
CRS3035RES200mN2626400E3464400,CRS3035RES1000mN2626000E3464000,CRS3035RES1000mN2626000E3464000,0,0,"17291,17300",87
CRS3035RES200mN2626600E3458000,CRS3035RES1000mN2626000E3458000,CRS3035RES1000mN2626000E3458000,1,0,17300,20
CRS3035RES200mN2626600E3458200,CRS3035RES1000mN2626000E3458000,CRS3035RES1000mN2626000E3458000,0,0,17300,42
CRS3035RES200mN2626600E3458400,CRS3035RES1000mN2626000E3458000,CRS3035RES1000mN2626000E3458000,0,0,17300,27
CRS3035RES200mN2626600E3458600,CRS3035RES1000mN2626000E3458000,CRS3035RES1000mN2626000E3458000,0,0,17300,126
CRS3035RES200mN2626600E3458800,CRS3035RES1000mN2626000E3458000,CRS3035RES1000mN2626000E3458000,0,0,17300,276
CRS3035RES200mN2626600E3459000,CRS3035RES1000mN2626000E3459000,CRS3035RES1000mN2626000E3459000,0,0,17300,195.5
CRS3035RES200mN2626600E3459200,CRS3035RES1000mN2626000E3459000,CRS3035RES1000mN2626000E3459000,0,0,17300,177
CRS3035RES200mN2626600E3459400,CRS3035RES1000mN2626000E3459000,CRS3035RES1000mN2626000E3459000,0,0,17300,129.5
CRS3035RES200mN2626600E3459600,CRS3035RES1000mN2626000E3459000,CRS3035RES1000mN2626000E3459000,0,0,17300,541.5
CRS3035RES200mN2626600E3460000,CRS3035RES1000mN2626000E3460000,CRS3035RES200mN2626600E3460000,0,0,17300,1067.5
CRS3035RES200mN2626600E3460200,CRS3035RES1000mN2626000E3460000,CRS3035RES200mN2626600E3460200,0,0,17300,471.5
CRS3035RES200mN2626600E3460400,CRS3035RES1000mN2626000E3460000,CRS3035RES200mN2626600E3460400,0,0,17300,679.5
CRS3035RES200mN2626600E3460600,CRS3035RES1000mN2626000E3460000,CRS3035RES200mN2626600E3460600,0,0,17300,688
CRS3035RES200mN2626600E3460800,CRS3035RES1000mN2626000E3460000,CRS3035RES200mN2626600E3460800,0,0,"17300,17200",296
CRS3035RES200mN2626600E3461000,CRS3035RES1000mN2626000E3461000,CRS3035RES1000mN2626000E3461000,0,0,"17200,17300",102
CRS3035RES200mN2626600E3461200,CRS3035RES1000mN2626000E3461000,CRS3035RES1000mN2626000E3461000,0,0,"17200,17300",117
CRS3035RES200mN2626600E3461400,CRS3035RES1000mN2626000E3461000,CRS3035RES1000mN2626000E3461000,0,0,"17300,17200",157
CRS3035RES200mN2626600E3461600,CRS3035RES1000mN2626000E3461000,CRS3035RES1000mN2626000E3461000,0,0,17300,212
CRS3035RES200mN2626600E3461800,CRS3035RES1000mN2626000E3461000,CRS3035RES1000mN2626000E3461000,0,0,17300,191.5
CRS3035RES200mN2626600E3462000,CRS3035RES1000mN2626000E3462000,CRS3035RES1000mN2626000E3462000,0,0,17300,174
CRS3035RES200mN2626600E3462200,CRS3035RES1000mN2626000E3462000,CRS3035RES1000mN2626000E3462000,0,0,17300,181.5
CRS3035RES200mN2626600E3462400,CRS3035RES1000mN2626000E3462000,CRS3035RES1000mN2626000E3462000,0,0,17300,77.5
CRS3035RES200mN2626600E3462600,CRS3035RES1000mN2626000E3462000,CRS3035RES1000mN2626000E3462000,0,0,17300,125.5
CRS3035RES200mN2626600E3462800,CRS3035RES1000mN2626000E3462000,CRS3035RES1000mN2626000E3462000,0,0,17300,159.5
CRS3035RES200mN2626600E3463000,CRS3035RES1000mN2626000E3463000,CRS3035RES1000mN2626000E3463000,0,0,17300,264.5
CRS3035RES200mN2626600E3463200,CRS3035RES1000mN2626000E3463000,CRS3035RES1000mN2626000E3463000,0,0,17300,189
CRS3035RES200mN2626600E3463400,CRS3035RES1000mN2626000E3463000,CRS3035RES1000mN2626000E3463000,0,0,17300,51
CRS3035RES200mN2626600E3463600,CRS3035RES1000mN2626000E3463000,CRS3035RES1000mN2626000E3463000,1,0,17300,12
CRS3035RES200mN2626600E3463800,CRS3035RES1000mN2626000E3463000,CRS3035RES1000mN2626000E3463000,0,0,17300,88.5
CRS3035RES200mN2626600E3464200,CRS3035RES1000mN2626000E3464000,CRS3035RES1000mN2626000E3464000,1,0,"17291,17300",12
CRS3035RES200mN2626800E3458400,CRS3035RES1000mN2626000E3458000,CRS3035RES1000mN2626000E3458000,1,0,17300,8
CRS3035RES200mN2626800E3458600,CRS3035RES1000mN2626000E3458000,CRS3035RES1000mN2626000E3458000,0,0,17300,300
CRS3035RES200mN2626800E3458800,CRS3035RES1000mN2626000E3458000,CRS3035RES1000mN2626000E3458000,0,0,17300,204.5
CRS3035RES200mN2626800E3459000,CRS3035RES1000mN2626000E3459000,CRS3035RES1000mN2626000E3459000,0,0,17300,148
CRS3035RES200mN2626800E3459200,CRS3035RES1000mN2626000E3459000,CRS3035RES1000mN2626000E3459000,0,0,17300,211.5
CRS3035RES200mN2626800E3459400,CRS3035RES1000mN2626000E3459000,CRS3035RES1000mN2626000E3459000,0,0,17300,105.5
CRS3035RES200mN2626800E3459600,CRS3035RES1000mN2626000E3459000,CRS3035RES1000mN2626000E3459000,0,0,17300,234.5
CRS3035RES200mN2626800E3459800,CRS3035RES1000mN2626000E3459000,CRS3035RES1000mN2626000E3459000,0,0,17300,190.5
CRS3035RES200mN2626800E3460000,CRS3035RES1000mN2626000E3460000,CRS3035RES200mN2626800E3460000,0,0,17300,321
CRS3035RES200mN2626800E3460200,CRS3035RES1000mN2626000E3460000,CRS3035RES200mN2626800E3460200,0,0,17300,165.5
CRS3035RES200mN2626800E3460400,CRS3035RES1000mN2626000E3460000,CRS3035RES200mN2626800E3460400,0,0,17300,357
CRS3035RES200mN2626800E3460600,CRS3035RES1000mN2626000E3460000,CRS3035RES200mN2626800E3460600,0,0,"17300,17200",137
CRS3035RES200mN2626800E3460800,CRS3035RES1000mN2626000E3460000,CRS3035RES200mN2626800E3460800,0,0,"17200,17300",300.5
CRS3035RES200mN2626800E3461400,CRS3035RES1000mN2626000E3461000,CRS3035RES1000mN2626000E3461000,0,0,"17200,17300",104
CRS3035RES200mN2626800E3461600,CRS3035RES1000mN2626000E3461000,CRS3035RES1000mN2626000E3461000,0,0,"17200,17300",122
CRS3035RES200mN2626800E3461800,CRS3035RES1000mN2626000E3461000,CRS3035RES1000mN2626000E3461000,0,0,"17300,17200",147.5
CRS3035RES200mN2626800E3462000,CRS3035RES1000mN2626000E3462000,CRS3035RES1000mN2626000E3462000,0,0,"17300,17200",142.5
CRS3035RES200mN2626800E3462200,CRS3035RES1000mN2626000E3462000,CRS3035RES1000mN2626000E3462000,0,0,17300,177
CRS3035RES200mN2626800E3462400,CRS3035RES1000mN2626000E3462000,CRS3035RES1000mN2626000E3462000,0,0,17300,216.5
CRS3035RES200mN2626800E3462600,CRS3035RES1000mN2626000E3462000,CRS3035RES1000mN2626000E3462000,0,0,17300,76
CRS3035RES200mN2626800E3462800,CRS3035RES1000mN2626000E3462000,CRS3035RES1000mN2626000E3462000,0,0,17300,68
CRS3035RES200mN2626800E3463000,CRS3035RES1000mN2626000E3463000,CRS3035RES1000mN2626000E3463000,0,0,17300,77
CRS3035RES200mN2626800E3463200,CRS3035RES1000mN2626000E3463000,CRS3035RES1000mN2626000E3463000,0,0,17300,97
CRS3035RES200mN2626800E3463400,CRS3035RES1000mN2626000E3463000,CRS3035RES1000mN2626000E3463000,0,0,17300,170.5
CRS3035RES200mN2626800E3463600,CRS3035RES1000mN2626000E3463000,CRS3035RES1000mN2626000E3463000,0,0,17300,21
CRS3035RES200mN2626800E3463800,CRS3035RES1000mN2626000E3463000,CRS3035RES1000mN2626000E3463000,1,0,"17300,17291",16
CRS3035RES200mN2626800E3464000,CRS3035RES1000mN2626000E3464000,CRS3035RES1000mN2626000E3464000,0,0,"17291,17300",48
CRS3035RES200mN2627000E3458200,CRS3035RES1000mN2627000E3458000,CRS3035RES1000mN2627000E3458000,1,0,17300,19
CRS3035RES200mN2627000E3458400,CRS3035RES1000mN2627000E3458000,CRS3035RES1000mN2627000E3458000,0,0,17300,43
CRS3035RES200mN2627000E3458600,CRS3035RES1000mN2627000E3458000,CRS3035RES1000mN2627000E3458000,0,0,17300,168.5
CRS3035RES200mN2627000E3458800,CRS3035RES1000mN2627000E3458000,CRS3035RES1000mN2627000E3458000,0,0,17300,162
CRS3035RES200mN2627000E3459000,CRS3035RES1000mN2627000E3459000,CRS3035RES1000mN2627000E3459000,0,0,17300,92.5
CRS3035RES200mN2627000E3459200,CRS3035RES1000mN2627000E3459000,CRS3035RES1000mN2627000E3459000,1,0,17300,28
CRS3035RES200mN2627000E3459800,CRS3035RES1000mN2627000E3459000,CRS3035RES1000mN2627000E3459000,1,0,17300,18
CRS3035RES200mN2627000E3460000,CRS3035RES1000mN2627000E3460000,CRS3035RES1000mN2627000E3460000,0,0,17300,60.5
CRS3035RES200mN2627000E3460200,CRS3035RES1000mN2627000E3460000,CRS3035RES1000mN2627000E3460000,0,0,17300,50.5
CRS3035RES200mN2627000E3460400,CRS3035RES1000mN2627000E3460000,CRS3035RES1000mN2627000E3460000,0,0,17300,87
CRS3035RES200mN2627000E3460600,CRS3035RES1000mN2627000E3460000,CRS3035RES1000mN2627000E3460000,1,0,"17300,17200",10
CRS3035RES200mN2627000E3462000,CRS3035RES1000mN2627000E3462000,CRS3035RES1000mN2627000E3462000,0,0,"17200,17300",127
CRS3035RES200mN2627000E3462200,CRS3035RES1000mN2627000E3462000,CRS3035RES1000mN2627000E3462000,0,0,"17200,17300",232
CRS3035RES200mN2627000E3462400,CRS3035RES1000mN2627000E3462000,CRS3035RES1000mN2627000E3462000,0,0,"17300,17200",132
CRS3035RES200mN2627000E3462600,CRS3035RES1000mN2627000E3462000,CRS3035RES1000mN2627000E3462000,0,0,17300,31
CRS3035RES200mN2627000E3462800,CRS3035RES1000mN2627000E3462000,CRS3035RES1000mN2627000E3462000,0,0,17300,93
CRS3035RES200mN2627000E3463000,CRS3035RES1000mN2627000E3463000,CRS3035RES1000mN2627000E3463000,0,0,17300,124.5
CRS3035RES200mN2627000E3463200,CRS3035RES1000mN2627000E3463000,CRS3035RES1000mN2627000E3463000,0,0,17300,104
CRS3035RES200mN2627000E3463400,CRS3035RES1000mN2627000E3463000,CRS3035RES1000mN2627000E3463000,0,0,17300,69.5
CRS3035RES200mN2627000E3463600,CRS3035RES1000mN2627000E3463000,CRS3035RES1000mN2627000E3463000,0,0,"17300,17291",51
CRS3035RES200mN2627000E3463800,CRS3035RES1000mN2627000E3463000,CRS3035RES1000mN2627000E3463000,0,0,"17291,17300",138
CRS3035RES200mN2627200E3457600,CRS3035RES1000mN2627000E3457000,CRS3035RES2000mN2626000E3456000,1,1,17300,1
CRS3035RES200mN2627200E3458200,CRS3035RES1000mN2627000E3458000,CRS3035RES1000mN2627000E3458000,1,0,17300,2
CRS3035RES200mN2627200E3458400,CRS3035RES1000mN2627000E3458000,CRS3035RES1000mN2627000E3458000,1,0,17300,16
CRS3035RES200mN2627200E3458600,CRS3035RES1000mN2627000E3458000,CRS3035RES1000mN2627000E3458000,1,0,17300,23
CRS3035RES200mN2627200E3458800,CRS3035RES1000mN2627000E3458000,CRS3035RES1000mN2627000E3458000,0,0,17300,44
CRS3035RES200mN2627200E3460600,CRS3035RES1000mN2627000E3460000,CRS3035RES1000mN2627000E3460000,1,0,"17300,17200",13
CRS3035RES200mN2627200E3460800,CRS3035RES1000mN2627000E3460000,CRS3035RES1000mN2627000E3460000,1,0,"17200,17300",6
CRS3035RES200mN2627200E3462400,CRS3035RES1000mN2627000E3462000,CRS3035RES1000mN2627000E3462000,0,0,"17200,17300",50
CRS3035RES200mN2627200E3462600,CRS3035RES1000mN2627000E3462000,CRS3035RES1000mN2627000E3462000,1,0,"17200,17300",27
CRS3035RES200mN2627200E3462800,CRS3035RES1000mN2627000E3462000,CRS3035RES1000mN2627000E3462000,0,0,"17300,17200",129.5
CRS3035RES200mN2627200E3463000,CRS3035RES1000mN2627000E3463000,CRS3035RES1000mN2627000E3463000,0,0,"17300,17200",71
CRS3035RES200mN2627200E3463200,CRS3035RES1000mN2627000E3463000,CRS3035RES1000mN2627000E3463000,0,0,"17300,17200",123.5
CRS3035RES200mN2627200E3463400,CRS3035RES1000mN2627000E3463000,CRS3035RES1000mN2627000E3463000,0,0,"17300,17200",137.5
CRS3035RES200mN2627200E3463600,CRS3035RES1000mN2627000E3463000,CRS3035RES1000mN2627000E3463000,0,0,"17291,17300,17200",113
CRS3035RES200mN2627400E3458400,CRS3035RES1000mN2627000E3458000,CRS3035RES1000mN2627000E3458000,1,0,17300,7
CRS3035RES200mN2627400E3458800,CRS3035RES1000mN2627000E3458000,CRS3035RES1000mN2627000E3458000,0,0,17300,77.5
CRS3035RES200mN2627400E3460200,CRS3035RES1000mN2627000E3460000,CRS3035RES1000mN2627000E3460000,1,0,17300,11.5
CRS3035RES200mN2627400E3460600,CRS3035RES1000mN2627000E3460000,CRS3035RES1000mN2627000E3460000,1,0,17300,7
CRS3035RES200mN2627400E3460800,CRS3035RES1000mN2627000E3460000,CRS3035RES1000mN2627000E3460000,1,0,"17300,17200",13
CRS3035RES200mN2627800E3460800,CRS3035RES1000mN2627000E3460000,CRS3035RES1000mN2627000E3460000,1,0,"17300,17200",1
CRS3035RES200mN2628000E3460200,CRS3035RES1000mN2628000E3460000,CRS3035RES1000mN2628000E3460000,1,0,"17190,17300",1
CRS3035RES200mN2628000E3460800,CRS3035RES1000mN2628000E3460000,CRS3035RES1000mN2628000E3460000,1,0,"17190,17300,17200",13
CRS3035RES200mN2628200E3459800,CRS3035RES1000mN2628000E3459000,CRS3035RES1000mN2628000E3459000,0,0,"17300,17190",88
CRS3035RES200mN2628200E3460000,CRS3035RES1000mN2628000E3460000,CRS3035RES1000mN2628000E3460000,1,0,"17190,17300",18
CRS3035RES200mN2628400E3459600,CRS3035RES1000mN2628000E3459000,CRS3035RES1000mN2628000E3459000,1,0,"17190,17300",23.5
CRS3035RES200mN2628600E3459400,CRS3035RES1000mN2628000E3459000,CRS3035RES1000mN2628000E3459000,1,0,"17300,17190",5
CRS3035RES200mN2628600E3459600,CRS3035RES1000mN2628000E3459000,CRS3035RES1000mN2628000E3459000,0,0,"17190,17300",46
CRS3035RES200mN2628800E3459400,CRS3035RES1000mN2628000E3459000,CRS3035RES1000mN2628000E3459000,1,0,"17300,17190",14
CRS3035RES200mN2628800E3459600,CRS3035RES1000mN2628000E3459000,CRS3035RES1000mN2628000E3459000,0,0,"17190,17300",121
CRS3035RES200mN2629000E3459400,CRS3035RES1000mN2629000E3459000,CRS3035RES1000mN2629000E3459000,0,0,"17190,17300",33
